{"epoch": 10, "train_loss": 164.96339704289636, "_timestamp": 1704425451.6805294, "_runtime": 1758.0533044338226, "_step": 39, "val_loss": 166.03917827028218, "val_accuracy": 45.797450912848774, "Validation Examples 1 per Epoch": {"_type": "image-file", "sha256": "97598a7f4debc30ef7fe50fa18aaaf48d992e369b36be8bfe7ebf6ee2bd6a16e", "size": 2569141, "path": "media/images/Validation Examples 1 per Epoch_39_97598a7f4debc30ef7fe.png", "format": "png", "width": 1920, "height": 1080, "caption": "Prediction: tensor([1324.4618,  735.1013]), Actual: tensor([1613.0000,  759.5000])"}, "_wandb": {"runtime": 1757}}