{"epoch": 10, "train_loss": 158.04229803661633, "_timestamp": 1704483431.6567965, "_runtime": 2111.7594714164734, "_step": 39, "val_loss": 172.2653187148692, "val_accuracy": 43.496161598833474, "Validation Examples 1 per Epoch": {"_type": "image-file", "sha256": "f5b39c2bb42ea180b516fb84428fd09f6e0d77e38f11cea3108ef6f7aa94c0b1", "size": 2562323, "path": "media/images/Validation Examples 1 per Epoch_39_f5b39c2bb42ea180b516.png", "format": "png", "width": 1920, "height": 1080, "caption": "Prediction: tensor([1133.4026,  725.9023]), Actual: tensor([1105.,  777.])"}, "_wandb": {"runtime": 2110}}