{"epoch": 50, "train_loss": 217.10369344858023, "_timestamp": 1704348625.3275049, "_runtime": 242.11459684371948, "_step": 199, "val_loss": 258.14232073332136, "val_accuracy": 24.74916387959866, "Validation Examples 1 per Epoch": {"_type": "image-file", "sha256": "b74b0c238f689564f51bdd27c5e7e69e2d20c300adbfa465d51ccf65ed2a9757", "size": 3364795, "path": "media/images/Validation Examples 1 per Epoch_199_b74b0c238f689564f51b.png", "format": "png", "width": 1920, "height": 1080, "caption": "Prediction: tensor([934.9141, 900.4475]), Actual: tensor([1599.5000,  864.0000])"}, "_wandb": {"runtime": 241}}