{"epoch": 1, "train_loss": 190.2689908015602, "_timestamp": 1704480960.584981, "_runtime": 188.73569703102112, "_step": 3, "val_loss": 165.0218769172909, "val_accuracy": 47.351717630913065, "Validation Examples 1 per Epoch": {"_type": "image-file", "sha256": "d22e288aede00d22407b806ec60e1065fbc1bf814cf7178cb4e0c09982be75fd", "size": 2571270, "path": "media/images/Validation Examples 1 per Epoch_3_d22e288aede00d22407b.png", "format": "png", "width": 1920, "height": 1080, "caption": "Prediction: tensor([1449.1342,  651.7638]), Actual: tensor([1396.5000,  767.5000])"}}