{"epoch": 10, "train_loss": 208.48247423643394, "_timestamp": 1703910169.0522933, "_runtime": 664.6525003910065, "_step": 39, "val_loss": 210.74182558059692, "val_accuracy": 0.0, "Validation Examples 1 per Epoch": {"_type": "image-file", "sha256": "2deb80d5cf20ad86b207c6081d9d134dbaec24a8ddc1b64602fc571dcc2d6ff3", "size": 2511122, "path": "media/images/Validation Examples 1 per Epoch_39_2deb80d5cf20ad86b207.png", "format": "png", "width": 1920, "height": 1080, "caption": "Prediction: tensor([1011.5709,  643.1989]), Actual: tensor([1849.5000,  758.5000])"}, "_wandb": {"runtime": 663}}