{"epoch": 1, "train_loss": 213.79796989434288, "_timestamp": 1704672949.3589416, "_runtime": 40.33174467086792, "_step": 0}