{"epoch": 19, "train_loss": 204.17579202683453, "_timestamp": 1703907167.783359, "_runtime": 1881.1767899990082, "_step": 39, "val_loss": 200.20110120271383, "val_accuracy": 0.0, "Validation Examples 1 per Epoch": {"_type": "image-file", "sha256": "518c46ab5adafec974f128ea1ffacc1b257f384f30ec90632898d9db8b4767f3", "size": 2319878, "path": "media/images/Validation Examples 1 per Epoch_39_518c46ab5adafec974f1.png", "format": "png", "width": 1920, "height": 1080, "caption": "Prediction: tensor([1007.1024,  679.5742]), Actual: tensor([1907.5000,  758.5000])"}, "_wandb": {"runtime": 1880}}