{"epoch": 2, "train_loss": 182.36484387060122, "_timestamp": 1704662722.5558882, "_runtime": 385.88067626953125, "_step": 7, "val_loss": 168.7463422442987, "val_accuracy": 59.034181069605864, "Validation Examples 1 per Epoch": {"_type": "image-file", "sha256": "12dddb726fb903f949c18faf504b3964f897e9e04436c632f2f4705f6e0409b5", "size": 2633517, "path": "media/images/Validation Examples 1 per Epoch_7_12dddb726fb903f949c1.png", "format": "png", "width": 1920, "height": 1080, "caption": "Prediction: tensor([1072.1833,  710.4573]), Actual: tensor([834.5000, 785.0000])"}}