{"epoch": 20, "train_loss": 143.36357335240086, "_timestamp": 1704666084.583998, "_runtime": 3747.908786058426, "_step": 79, "val_loss": 204.01618815711169, "val_accuracy": 40.176695115152036, "Validation Examples 1 per Epoch": {"_type": "image-file", "sha256": "49afb921ec2c3ce2aac10c04489d1d39c257ce37ad8d1971824417f14277eef4", "size": 2668138, "path": "media/images/Validation Examples 1 per Epoch_79_49afb921ec2c3ce2aac1.png", "format": "png", "width": 1920, "height": 1080, "caption": "Prediction: tensor([897.6358, 771.5980]), Actual: tensor([945.0000, 782.5000])"}, "_wandb": {"runtime": 3746}}