{"epoch": 20, "train_loss": 153.75851361180236, "_timestamp": 1704429570.665506, "_runtime": 1964.4749808311462, "_step": 79, "val_loss": 203.86370312609293, "val_accuracy": 27.239063038236306, "Validation Examples 1 per Epoch": {"_type": "image-file", "sha256": "4f7885ca98c61b8806b99cd78477ee5f4f61fd1e14c7b970bcfdda07c941560d", "size": 2668266, "path": "media/images/Validation Examples 1 per Epoch_79_4f7885ca98c61b8806b9.png", "format": "png", "width": 1920, "height": 1080, "caption": "Prediction: tensor([1161.9797,  725.7828]), Actual: tensor([945.0000, 782.5000])"}, "_wandb": {"runtime": 1963}}