{"epoch": 10, "train_loss": 151.45524710996764, "_timestamp": 1704485919.674407, "_runtime": 1934.2629079818726, "_step": 39, "val_loss": 192.3289069449133, "val_accuracy": 28.8845048676931, "Validation Examples 1 per Epoch": {"_type": "image-file", "sha256": "b348c6caf55fa14cbf4f9358ca5f2e8d38e5230cf50f634267368f4c43cc10e2", "size": 2562430, "path": "media/images/Validation Examples 1 per Epoch_39_b348c6caf55fa14cbf4f.png", "format": "png", "width": 1920, "height": 1080, "caption": "Prediction: tensor([1174.3466,  814.5056]), Actual: tensor([1105.,  777.])"}, "_wandb": {"runtime": 1933}}