{"epoch": 10, "train_loss": 204.22416190975176, "_timestamp": 1703903187.019051, "_runtime": 1982.872183084488, "_step": 39, "val_loss": 200.0301654213353, "val_accuracy": 0.0, "Validation Examples 1 per Epoch": {"_type": "image-file", "sha256": "eb2a2fbb568ed6289a5c4f988a895963492e4b0e1b4c7772df1388f4509d38c6", "size": 2319845, "path": "media/images/Validation Examples 1 per Epoch_39_eb2a2fbb568ed6289a5c.png", "format": "png", "width": 1920, "height": 1080, "caption": "Prediction: tensor([1014.0721,  676.8772]), Actual: tensor([1907.5000,  758.5000])"}, "_wandb": {"runtime": 1982}}