{"epoch": 10, "train_loss": 208.82019606370193, "_timestamp": 1703880463.6007404, "_runtime": 346.85563254356384, "_step": 39, "val_loss": 213.27577018737793, "val_accuracy": 0.0, "Validation Examples 1 per Epoch": {"_type": "image-file", "sha256": "14c608059a75e8dc52e4fe761a4ab44129a39f5745fc29fffec23b66c4ea4eca", "size": 2511214, "path": "media/images/Validation Examples 1 per Epoch_39_14c608059a75e8dc52e4.png", "format": "png", "width": 1920, "height": 1080, "caption": "Prediction: tensor([1066.2185,  705.9990]), Actual: tensor([1849.5000,  758.5000])"}, "_wandb": {"runtime": 345}}