{"epoch": 1, "train_loss": 204.94779357125643, "_timestamp": 1704426019.379919, "_runtime": 110.79666709899902, "_step": 3, "val_loss": 174.3985535697832, "val_accuracy": 47.373406820530484, "Validation Examples 1 per Epoch": {"_type": "image-file", "sha256": "d3e75ab33961c725c584da4f5c9e83ce3d2eadb2a79bd0e94a5934a323195409", "size": 2513522, "path": "media/images/Validation Examples 1 per Epoch_3_d3e75ab33961c725c584.png", "format": "png", "width": 1920, "height": 1080, "caption": "Prediction: tensor([1193.5347,  792.7883]), Actual: tensor([1544.,  763.])"}, "_wandb": {"runtime": 109}}