{"epoch": 1, "train_loss": 225.17863061011718, "_timestamp": 1704411791.3066342, "_runtime": 112.28094720840454, "_step": 3, "val_loss": 244.91425511562866, "val_accuracy": 23.330423395896986, "Validation Examples 1 per Epoch": {"_type": "image-file", "sha256": "d1e039fa47a5c403f9c7cfa4a1008c8a2ef49ab873852d6980394afd17d93787", "size": 2550743, "path": "media/images/Validation Examples 1 per Epoch_3_d1e039fa47a5c403f9c7.png", "format": "png", "width": 1920, "height": 1080, "caption": "Prediction: tensor([1332.0604,  727.4338]), Actual: tensor([1580.,  761.])"}}