{"epoch": 9, "train_loss": 182.55852599417744, "_timestamp": 1704423294.4228907, "_runtime": 2534.6247477531433, "_step": 35, "val_loss": 166.26738488378604, "val_accuracy": 48.096796417499135, "Validation Examples 1 per Epoch": {"_type": "image-file", "sha256": "335882d5fbc365a8970846db0a8b7273b2d270a2194bd9d48b447894e6250919", "size": 2521377, "path": "media/images/Validation Examples 1 per Epoch_35_335882d5fbc365a89708.png", "format": "png", "width": 1920, "height": 1080, "caption": "Prediction: tensor([1196.9771,  674.3956]), Actual: tensor([1042.5000,  778.5000])"}}