{"epoch": 2, "train_loss": 197.9632701658885, "_timestamp": 1704646601.7524571, "_runtime": 679.8806641101837, "_step": 7, "val_loss": 206.149742241586, "val_accuracy": 40.275335592057296, "Validation Examples 1 per Epoch": {"_type": "image-file", "sha256": "5fea3c1061c248e0f433a1eb1b9a51d632e62b6e9ac9ff331a808e398732e3f3", "size": 2550639, "path": "media/images/Validation Examples 1 per Epoch_7_5fea3c1061c248e0f433.png", "format": "png", "width": 1920, "height": 1080, "caption": "Prediction: tensor([1064.9575,  697.6747]), Actual: tensor([1580.,  761.])"}}