{"epoch": 10, "train_loss": 144.61692047640096, "_timestamp": 1704679218.0894814, "_runtime": 2086.443769454956, "_step": 49, "val_loss": 194.15723029870554, "val_accuracy": 43.98148148148148, "val_accuracy_bbox": 310.7316157808029}