{"epoch": 13, "train_loss": 143.0170929460405, "_timestamp": 1704679839.699768, "_runtime": 2708.0540561676025, "_step": 64, "val_loss": 195.4987402550968, "val_accuracy": 43.651406035665296, "val_accuracy_bbox": 312.90054199365267}