{"epoch": 1, "train_loss": 213.79796989434288, "_timestamp": 1704672646.7027988, "_runtime": 38.88990592956543, "_step": 0}