{"epoch": 30, "train_loss": 181.94386719078202, "_timestamp": 1704656232.5028427, "_runtime": 9504.98650765419, "_step": 119, "val_loss": 207.50632355144484, "val_accuracy": 45.73058283655702, "Validation Examples 1 per Epoch": {"_type": "image-file", "sha256": "c61dfe8a8dd2940e2687632d3a4e2b705d46b7eb574926db39a339c311bd9071", "size": 2521319, "path": "media/images/Validation Examples 1 per Epoch_119_c61dfe8a8dd2940e2687.png", "format": "png", "width": 1920, "height": 1080, "caption": "Prediction: tensor([1062.2161,  696.3458]), Actual: tensor([1042.5000,  778.5000])"}, "_wandb": {"runtime": 9504}}