{"epoch": 10, "train_loss": 205.3364955698368, "_timestamp": 1703883802.4630408, "_runtime": 2963.1736228466034, "_step": 39, "val_loss": 204.63647006539736, "val_accuracy": 0.0, "Validation Examples 1 per Epoch": {"_type": "image-file", "sha256": "f47dadb2c6a9801a578efe8046c856f8352465925efae43f7f727efddab5c23c", "size": 2521290, "path": "media/images/Validation Examples 1 per Epoch_39_f47dadb2c6a9801a578e.png", "format": "png", "width": 1920, "height": 1080, "caption": "Prediction: tensor([978.4749, 693.2623]), Actual: tensor([1042.5000,  778.5000])"}, "_wandb": {"runtime": 2962}}