{"epoch": 10, "train_loss": 209.6187743850534, "_timestamp": 1703959459.116755, "_runtime": 743.3184909820557, "_step": 39, "val_loss": 210.83256125450134, "val_accuracy": 0.0, "Validation Examples 1 per Epoch": {"_type": "image-file", "sha256": "7c257d698a8cfc8c9ee9d6341e4bf76bbe2268b8ead523c623b64d81f9b6577f", "size": 2510955, "path": "media/images/Validation Examples 1 per Epoch_39_7c257d698a8cfc8c9ee9.png", "format": "png", "width": 1920, "height": 1080, "caption": "Prediction: tensor([986.0864, 657.7857]), Actual: tensor([1849.5000,  758.5000])"}, "_wandb": {"runtime": 742}}