{"epoch": 13, "train_loss": 151.7362513442868, "_timestamp": 1704662061.2890873, "_runtime": 2805.1848332881927, "_step": 51, "val_loss": 262.1488962108052, "val_accuracy": 24.419951108633185, "Validation Examples 1 per Epoch": {"_type": "image-file", "sha256": "ea0d671f556e90b5a35e9bf9c415943388b4340d8dde3e466619c187abd12c19", "size": 2384687, "path": "media/images/Validation Examples 1 per Epoch_51_ea0d671f556e90b5a35e.png", "format": "png", "width": 1920, "height": 1080, "caption": "Prediction: tensor([1003.6097,  960.3797]), Actual: tensor([1543.0000,  761.5000])"}}