{"epoch": 1, "train_loss": 246.1375218899705, "_timestamp": 1704397803.4692802, "_runtime": 52.88343119621277, "_step": 3, "val_loss": 208.13861440754624, "val_accuracy": 36.11738148984199, "Validation Examples 1 per Epoch": {"_type": "image-file", "sha256": "afd784d940ebe4e769b2fa9abebcde07717609e9edf2c57d6e0d52cebaa93395", "size": 2550718, "path": "media/images/Validation Examples 1 per Epoch_3_afd784d940ebe4e769b2.png", "format": "png", "width": 1920, "height": 1080, "caption": "Prediction: tensor([1104.7903,  674.6684]), Actual: tensor([1580.,  761.])"}, "_wandb": {"runtime": 105}}