{"epoch": 10, "train_loss": 165.9600784367134, "_timestamp": 1704427151.0454016, "_runtime": 1046.3453056812286, "_step": 39, "val_loss": 169.94119238262334, "val_accuracy": 44.96210816396831, "Validation Examples 1 per Epoch": {"_type": "image-file", "sha256": "bdb681a6ebf4db27da24728a012cede98fae7af9e0068d9e80766103213c043b", "size": 2633614, "path": "media/images/Validation Examples 1 per Epoch_39_bdb681a6ebf4db27da24.png", "format": "png", "width": 1920, "height": 1080, "caption": "Prediction: tensor([1138.4656,  713.6188]), Actual: tensor([834.5000, 785.0000])"}, "_wandb": {"runtime": 1045}}