{"epoch": 8, "train_loss": 203.82429204584594, "_timestamp": 1704645813.8135438, "_runtime": 2866.543366909027, "_step": 31, "val_loss": 204.83316023294162, "val_accuracy": 34.777201183685726, "Validation Examples 1 per Epoch": {"_type": "image-file", "sha256": "c835ae6062ac62a0cdc193cca78938869b07862f3efc32ba3d91d5dbf642a8ca", "size": 2521383, "path": "media/images/Validation Examples 1 per Epoch_31_c835ae6062ac62a0cdc1.png", "format": "png", "width": 1920, "height": 1080, "caption": "Prediction: tensor([994.6447, 713.2030]), Actual: tensor([1042.5000,  778.5000])"}}