{"epoch": 1, "train_loss": 213.79796989434288, "_timestamp": 1704671653.0828478, "_runtime": 41.013845920562744, "_step": 0}