{"epoch": 10, "train_loss": 213.68102485902847, "_timestamp": 1704372862.3331785, "_runtime": 22.229584455490112, "_step": 39, "val_loss": 209.0196647644043, "val_accuracy": 31.666666666666664, "Validation Examples 1 per Epoch": {"_type": "image-file", "sha256": "35bb3cffbc5131fadfc5cb8672c2769689e286dfa3d386c0515cc3b8e8846ae0", "size": 3034200, "path": "media/images/Validation Examples 1 per Epoch_39_35bb3cffbc5131fadfc5.png", "format": "png", "width": 1920, "height": 1080, "caption": "Prediction: tensor([1062.8937,  826.5666]), Actual: tensor([1100.,  849.])"}}